URL,Description,Monthly Rent,Beds,Baths,Sqft,Broker/realty/brokerage Fee mention
https://www.hotpads.com/2491-washington-st-boston-ma-02119-1u8yd0p/3c/pad,"Available unit in modern apartment building with elevator. Easy access to Dunkin Donuts, Nubian Square and Silver Line, Roxbury Crossing T Station, cafes, restaurants and South Bay Shopping Center. This spacious 2 bedroom 2 bathroom unit features a primary en-suite, hardwood flooring throughout, recessed and decorative lighting, kitchen with island, in-unit laundry and an open-concept design. The building has a lobby, mini- gym, roof deck w/ grill and patio furniture! First month's rent, full month security deposit and broker's fee required.","$3,300 ",2,2,1100,broker fee
https://www.hotpads.com/956-saratoga-st-east-boston-ma-02128-1j4rjfa/2/pad,"This is flex retail space. Open floorpan for you to take advantage of for your business needs. First, security and full brokers fee. Please email me for more info.","$3,200 ",Studio,2,1000,broker fee
https://www.hotpads.com/13-17-kelley-ct-brighton-ma-02135-238ynbq/1f/pad,"Spacious 3 bedroom in Brighton. Close to Lower Allston, Harvard Business School and Trader Joe's. Available for 9/1/2023. Hardwood flooring through out the apartment. Big windows for plenty of natural lighting. Eat in kitchen with stainless steel appliances. Parking available for rent. Laundry in the building. 1 months broker fee. Call now! Bus: 64 Guest St opp Hichborn St (0.33 mi) Bus: 86 Market St @ Lothrop St (0.19 mi) Bus: 70 495 Western Ave (0.06 mi) Rail: Framingham/Worcester Line Boston Landing (0.33 mi)","$3,300 ",3,1,N/A,broker fee
https://www.hotpads.com/59-s-huntington-ave-jamaica-plain-ma-02130-skfebs/7/pad,"JAMAICA PLAIN - SEPTEMBER 1 - Cute one bed/one bath with heat and hot water included. Hardwood floors, good closet space, and laundry in building. Right at Riverside T stop and short walk to Longwood medical area. Catch E-train to NEU/Wentworth/Mass Art. Closet to Dunkin Donuts, too! First month's rent, last month's rent, security deposit and one month realty fee. Call Stacy to see! Stacy Schuster ANZALONE REALTY 383 HANOVER STREET BOSTON, MA 02113","$2,200 ",1,1,500,broker fee
https://www.hotpads.com/93-marion-st-brookline-ma-02446-skf4zx/5/pad,"Small Coolidge Corner studio located next to a bucolic park. Steps away from C line, and a short walk to Trader Joes or Stop & Shop. Delectable treats at Rod Dee's, Chilacates, Shawarma King, and more are just a short walk away! Sorry no pets. Affiliated brokerage: Concept Properties Broker fee: One month's rent","$2,045 ",Studio,1,500,broker fee
https://www.hotpads.com/9-seckle-st-cambridge-ma-02141-skg6xb/1/pad,"3-bed+ office in East Cambridge (Wellington/Harrington) FOR 9/1 Property Features: - Available Sept. 1st 2023 - First floor and ground level unit (2 floors) - Approx. 1,800 SF of living space - Central air and heating by GAS - 3-bedrooms, + separate office - 2 full bathrooms - Huge bedrooms! - Hardwood floors - Recessed lights - Fully applianced kitchen with gas range, built-in microwave, dishwasher, fridge, and plenty of cabinet/counter space - Large full bathroom off kitchen - Living room and separate dining area right off kitchen, open concept! - Lower level bathroom is massive! Jacuzzi tub and separate walk-in shower - Free in-unit laundry in lower level - Street parking only - Pets are negotiable $4,800/month (no utilities included) First month's rent, security deposit, and 1-month brokerage fee due at lease signing To schedule a tour, call/text or email: James Riel Principal JR Associates James @ JRAssociates.co #cambridge #boston #apartment #condo #forrrent #rental #brokerage #realestate #property #jrassociates","$4,800 ",3,2,1800,broker fee
https://www.hotpads.com/603-concord-sq-boston-ma-02118-238z60m/300d/pad,"Stunning corner unit; large 2 bedroom, 2 bath over looking Fresh Pond Reservation with solid Maple hardwood floors throughout, bright, open layouts with oversized windows, gas stove, stainless steel appliances, granite counters, in-unit washer/dryer. Owner pays 50% of Fee The unit has solid maple hardwood floors throughout, bright, open layouts with oversized windows, gas stove, stainless steel appliances, granite counter tops, and in-unit washer/dryer. Heat, hot water, water, sewer, and gas cooking included in rent. One of a kind! Steps away from Alewife Station, Trader Joe's, CVS, Whole Foods, Starbucks, restaurants, shops, and more. Amenities include media room, fitness center, bike storage and more. Pet-friendly and non-smoking building. Garage parking is $195 per month and outside off-street surface parking is $155 per month. Move In Costs: 1st month's rent and $500 security deposit with no pets, $1,000 with 1 pet and full month's rent with more than 1 pet. Call or Email Stephen for more Information stephen @benjaminapartments.com Use the link below for access to one of the largest databases in Boston for more great options you may like. Public Transportation Bus: 78 Concord Ave opp Wheeler St (0.01 mi) Bus: 350 Alewife (0.50 mi) Bus: 83 Rindge Ave @ Russell Field (0.49 mi)","$4,750 ",2,2,1016,broker fee
https://www.hotpads.com/117-rogers-ave-somerville-ma-02144-skn3ah/2/pad,Expansive 2 bedroom less than 100 yards away from the Ball Sq. T stop! Available for a 9/1 move-in and heat is INCLUDED in rent. -Hardwood floors -High ceilings -Abundant natural light -Expansive living / dining room combo -Open and airy eat-in kitchen -Updated appliances (incl. dw/disposal) -IN-UNIT WASHER/DRYER within a dedicated laundry space -Two large bedrooms (one w/ a walk-in closet) -Updated full bath -Dedicated storage space off the back of the unit -Enclosed four-season sunroom -Easy permit parking on both sides of the street -Ball Sq. T (Green Line) right outside your front door and Davis Sq. is only 0.7 miles away -Owner is paying 1/2 of broker's fee Available 9/1/23. Please call or text me with questions or to schedule a tour,"$3,400 ",2,1,1150,broker fee
https://www.hotpads.com/somerville-ma-02144-usq4ze/pad,"Available September 15th! Great 2 Bedroom Apartment; great location, just out of Davis Square and Redline T and steps from Tufts University o 9 minute walk to Davis SQ & the red line. o Hardwood Floors throughout o Apt freshly painted ! o Modern Living room, dining room, o Renovated modern Kitchen w/Stainless Steel Appliances, Dishwasher o 2 Good sized Bedrooms o Shared tandem spot in driveway o Awesome Location Great Neighborhood o Close to restaurants and shops in Davis Square o Easy Access to route 93 and route 2 o Easy off street Parking o Laundry in the basement o Nice Extra storage in basement o Attic Storage Available o Front and back Balconies ! Deposits of 1st Month, Security Deposit and Brokers Fee is requested and Good Credit ! No Pets Allowed (RLNE8060710)","$3,000 ",2,1,N/A,broker fee
https://www.hotpads.com/somerville-ma-02145-1j4w33v/21/pad,"1 Bed apartment with Gleaming Hardwood Floors, New Stainless Steel Appliances, Granite Counter Tops, Dishwasher, Newly Renovated Bathroom, one with Bath Tub and another one with Shower. Huge living room with plenty of windows and great view of the Boston and neighboring cities. Balcony of the Living room. Open floor plan with exposed brick in the Kitchen. 1 Off Street Parking is included. Cats are accepted. The move-in cost is low, only First Month, Last Month, application and 1 Month Brokers Fees. Beautiful Apartment to call you home. Hurry, Won't Last!! Disclaimer: Picture/video are of a similar unit in the building.","$2,500 ",1,1,650,broker fee
https://www.hotpads.com/22-26-brookside-ave-jamaica-plain-ma-02130-1qexrqn/pad,"Available for October 1st! PROPERTY FEATURES: - Open concept! - Exposed brick! - Bonus room! - Private porch! - Additional storage! - 1 off street parking spot AND 1 garage parking spot! Don't miss out on this adorable 2 bed, 1 bath apartment located on the 3rd floor of a professionally managed building in Jamaica Plain! The living room and kitchen are open concept, paired with high ceilings, and large windows; this combination creates an airy, open feel! The front room is larger than the back room, and is attached to the bonus room, which can be used as an at home office, walk-in closet, etc! The back bedroom is good size, with great closet space. The bathroom is well kept and has a beautiful exposed brick wall. It has a linen closet inside and right outside the door. Off the back of the unit you will find your own private porch, perfect for enjoying during the summer months! Tenant is responsible for utilities (gas, electric, cable/wifi). 1 off street parking spot AND 1 garage parking spot included in rent! Coin operated laundry in basement and additional storage. First month's rent ($2,895), security deposit ($2,895), and realtor fee ($2,895) due at lease signing. Lease through 7/31/24. Good credit required.","$2,895 ",2,1,765,broker fee
https://www.hotpads.com/320-middlesex-ave-medford-ma-02155-1j4xyja/a102/pad-for-sublet,"Looking for one roommate to share a 2bd/2bth luxury condo in Medford from August 1st 2023 on an ongoing lease. My previous roommate is leaving. The rent of the second room is $1850. One off-street parking space is included in the rent. There is a deposit of $1850 and brokerage fees of $713. Utilities: Gas, electricity and internet, estimated to be 175$/month per person on average. The apartment is 1450 sq ft. Both bedrooms are big (200+ sqft) an equal sized. The Kitchen features Stainless Steel GE appliances and Quartz counter tops. Outdoors, you will find a swimming pool and grilling area, a playground, a dog park, and a combination Pickleball, Volleyball, Basketball court. In addition to all of this, you have a a Gym, and a Club room with pingpong and shuffle board, a movie theater, a work bar, and a room you can rent for parties","$1,850 ",2,2,1434,broker fee
https://www.hotpads.com/171-south-st-boston-ma-02130-skg49c/5a/pad,"AVAILABLE September 1 or earlier- This lovely and very clean JP 1 bedroom is in a great location on South St steps from Monument Sq and all the amenities of Centre St. This apartment features hardwood floors throughout, very spacious living room and bedroom, and tons of kitchen cabinet storage. Built in AC to keep you cool in the summer, and heat and hot water included in the rent to keep you warm in the winter. Laundry on the ground floor of the building and parking available for rent. This location also offers excellent public transit options with the 39 bus at your front door and the Orange line @ Forest Hills only a short walk. To schedule a time to view this apartment or others of a similar nature call/text/email Rob.Cheers! FIRST, SECURITY, BROKER FEE DUE AT LEASE SIGNING. NO PETS","$2,100 ",1,1,550,broker fee
https://www.hotpads.com/20-morrison-ave-somerville-ma-02144-239r43r/0/pad,"Welcome to 20 Morrison Ave, a great 3-bedroom apartment. This inviting rental unit boasts gleaming hardwood floors, a large eat-in kitchen, and a jacuzzi in the bathroom with jets for ultimate relaxation. Ideally located in close proximity to both Davis Square, Magoun Square and the Somerville Community Path, this apartment provides easy access to all the best that Somerville has to offer. With bike storage available on the front porch, this unit ensures a comfortable and convenient lifestyle to suit your needs. The laundry is located within the basement. *The unit can be rented as a 2-bed with an office for $3,000. Current photos reflect unit used as a 3-bed* Transportation Options 263 Highland Ave Bus Stop 0.2 mi (6 min away) Highland Ave @ Cedar St Bus Stop 0.2 mi (4 min away) Highland Ave @ Cherry St Bus Stop 0.2 mi (4 min away) Nearby Places Ball Square Cafe Eat At Jumbo's Kelly's Diner Sound Bites Cafe Supreme Kitchen","$3,250 ",3,1,9999,no broker fee
https://www.hotpads.com/newton-ma-02465-1s7zwju/pad,"NO REALTOR FEE! NO APPLICATION FEE! Spacious (1250 sq-ft) nicely maintained 3-bedroom plus porch condo in West Newton. On the upper level of a 2-family charming house. Three bedrooms with built-in closets. Formal living room and dining room. Hardwood floor throughout. Full cabinet kitchen with built-in microwave. Stainless steel stove and fridge. Gas cooking and gas heating. Enclosed porch directly off the kitchen. Replacement windows throughout. Private washer and dryer in basement. Two unblocked off-street parking including one garage parking. Shared spacious front and back yards. Steps to Franklin School/park, Fessenden School, and the thriving Moody Street. Newton public school district: Franklin (elementary), Day (middle), Newton North High (a 200-million facility). Steps to Fessenden School. Less than 10 minute-drive to Brandeis and Bentley universities. Public trans via bus, commuter rail to South Station, Available on September 1, 2023. Showings begin on August 19, 2023. Owner pays for water/sewer. Tenants pay gas, electricity, heat, hot water, and internet. No pets, no smoking. No broker fees. No application fees. Good credit score, proof of pay-stub, and bank statement is a must. First-month rent and security deposit to move in. Reference required. Great opportunity to live in one of the best neighborhoods and your kids attending one of the best schools in Massachusetts without paying any real estate tax !!","$3,300 ",3,1,1250,no broker fee
https://www.hotpads.com/182-thorndike-st-cambridge-ma-02141-1j4ve4s/pad,"Large, second floor 3 bed/1 bath apartment in a multi-family house, in a quiet neighborhood, a 12 minute walk from Kendall Sq and Inman Sq. The apartment features hardwood floors throughout, gas baseboard heating (no radiators taking up living space!), lots of windows and sunlight, high ceilings, and ceiling fans. Two large bedrooms one medium size bedroom, all with closets, living room, eat-in-kitchen with dishwasher, sink garbage disposal, and stainless steel appliances. Washer/dryer laundry combo in unit. One non-tandem off street parking is included in the rent; can obtain a street parking permit with the city of Cambridge as well. Pet and smoke free home. Hot water included in rent. No broker's fee. Measurements: Living Room: 13x16 Kitchen: 12x9 Bathroom: 4x6 Bedroom #1: 10x8 Bedroom #2: 13x12 Bedroom #3: 8.5x12","$3,900 ",3,1,1000,no broker fee
https://www.hotpads.com/8-lincoln-st-newton-highlands-ma-02461-1pxh2aa/pad,"NO BROKER FEE Lovely studios with free over night parking, conveniently located in Newton Highlands. The apartments are located across the street from the Newton Highlands stop on the ""D"" line and are just minutes from routes 9, 128, and 90. The building is surrounded by local shops and restaurants, and just one mile from Crystal Lake.","$2,000 ",Studio,1,N/A,no broker fee
https://www.hotpads.com/newton-ma-02465-1s7zwju/pad,"NO REALTOR FEE! NO APPLICATION FEE! Spacious (1250 sq-ft) nicely maintained 3-bedroom plus porch condo in West Newton. On the upper level of a 2-family charming house. Three bedrooms with built-in closets. Formal living room and dining room. Hardwood floor throughout. Full cabinet kitchen with built-in microwave. Stainless steel stove and fridge. Gas cooking and gas heating. Enclosed porch directly off the kitchen. Replacement windows throughout. Private washer and dryer in basement. Two unblocked off-street parking including one garage parking. Shared spacious front and back yards. Steps to Franklin School/park, Fessenden School, and the thriving Moody Street. Newton public school district: Franklin (elementary), Day (middle), Newton North High (a 200-million facility). Steps to Fessenden School. Less than 10 minute-drive to Brandeis and Bentley universities. Public trans via bus, commuter rail to South Station, Available on September 1, 2023. Showings begin on August 19, 2023. Owner pays for water/sewer. Tenants pay gas, electricity, heat, hot water, and internet. No pets, no smoking. No broker fees. No application fees. Good credit score, proof of pay-stub, and bank statement is a must. First-month rent and security deposit to move in. Reference required. Great opportunity to live in one of the best neighborhoods and your kids attending one of the best schools in Massachusetts without paying any real estate tax !!","$3,300 ",3,1,1250,no broker fee
https://www.hotpads.com/965-fellsway-medford-ma-02155-1qqmrsg/5/pad,"*NO FEE* Top floor, full renovation, ht/hw/parking inc *OCT 1* *This apartment will be renovated during September and available for an Oct 1 move in date. Pics are from a different unit in the same building. The apartment has the same layout and the finishes will be the same. New laminate flooring throughout. New kitchen w/ white cabinets, SS appliances and quartz c-tops. New bathroom with modern finishes. Updated electrical and fresh paint* Rent directly through management and pay NO BROKER FEES!! Please call, text or email. Email preferred Eric Sorenson Leasing Agent Micozzi Management 159 Cambridge St Allston MA 02134 As an equal opportunity housing provider, Micozzi Management provides housing opportunities regardless of race, color, national origin, religion, sex, physical or mental disability, familial status or any other classification protected by applicable federal, state or local law.","$2,395Ê",1,1,700,no broker fee
https://www.hotpads.com/1111-boylston-st-boston-ma-02215-skek7w/40/pad,"Located one block from Hynes T stop, Mass. Ave., Newbury Street, the Fens Community Garden and Fenway Park. unfurnished lots of storage (3 closets, living room bookcase & bedroom clothing storage unit) large office or dining room adjacent to living room hardwood floors throughout laundry room and bike storage in building basement storage units available for yearly fee to management company professionally managed building; maintenance manager on-site weekdays includes heat & hot water No pets allowed in building. Non-smokers only. Rented by owners ( no broker fees!).","$2,750Ê",1,1,655,no broker fee
https://www.hotpads.com/182-thorndike-st-cambridge-ma-02141-1j4ve4s/pad,"Large, second floor 3 bed/1 bath apartment in a multi-family house, in a quiet neighborhood, a 12 minute walk from Kendall Sq and Inman Sq. The apartment features hardwood floors throughout, gas baseboard heating (no radiators taking up living space!), lots of windows and sunlight, high ceilings, and ceiling fans. Two large bedrooms one medium size bedroom, all with closets, living room, eat-in-kitchen with dishwasher, sink garbage disposal, and stainless steel appliances. Washer/dryer laundry combo in unit. One non-tandem off street parking is included in the rent; can obtain a street parking permit with the city of Cambridge as well. Pet and smoke free home. Hot water included in rent. No broker's fee. Measurements: Living Room: 13x16 Kitchen: 12x9 Bathroom: 4x6 Bedroom #1: 10x8 Bedroom #2: 13x12 Bedroom #3: 8.5x12","$3,900 ",3,1,1000,no broker fee
https://www.hotpads.com/69-brayton-rd-brighton-ma-02135-1j4u0cc/2/pad-for-sublet,"Room Rental This is one room for rent in a 4 Bed 2 Bath - Large Bedroom with Closet - can fit queen sized bed , desk, dresser , night stand - Shared use of Bathroom Shared use of Kitchen Shared use of Living, Dining Room and Sun Room Dishwasher Laundry in unit 9/1/23 No Brokers Fee $50 App Fee First , Last , Security Deposit Mike Swann Keller Williams Realty",$700Ê,4,2,9999,no broker fee
https://www.hotpads.com/220-tremont-st-newton-ma-02458-usgkzf/1/pad,"$4600/ 3br - 1350ft2 Luxury/ Ultra-Modern, Completely Renovated, Privately Owned 3BR Apartment in a Multifamily House Close to Downtown, Boston College and I-90 Highway, No Broker Fees, Flex Move Date! (Newton) Location: 220 Tremont St., Newton Rent: $4600/ Month (1 parking space included in the rent and multiple free street parking spots) Broker Fee: No Fees Available Date: September 1, 2023 Beds: 3 (2 large bedrooms and 1 smaller bedroom) Baths: 1 Storage: 1 Storage space in the basement (~30-40 SQF) Pets: No Features: Fully Renovated, Brand New Apt, MiniSplit A/C, Dishwasher, Disposal, Quartz Counter Tops, Hardwood Floors, Laundry in Unit, Microwave, Modern Kitchen, New Appliances, On-Site Super, Unfurnished, Parking. Included: Water, Trash Removal, Sewage and Stainless Steel Appliance(s) ** AVAILABLE FOR A MOVE IN SEPTEMBER 1st ** If you're considering a luxury rental, look no further! Unlike many of the rental buildings in the area, this unit is a privately owned apartment with an exclusive feel. The unit is currently fully renovated and will be available on September 1st. The attached pictures are 3D modeled of the final finish. Potential renters are welcomed to check the actual unit by August 16th. Walking distance to Boston College, Brighton and Watertown Downtown, Parks and Restaurants. Bus Stop is 1 Min away (literally in front of the house next door) 1 Minute Away from I-90 Highway. The house apartments are designer inspired and richly appointed. Natural textures and colors throughout offer a warm contrast to stainless appliances, quartz countertops, and the crisp, minimalist lines of the kitchen. Available September 1st with some flexibility, no pets please. ** ONE GARAGE PARKING SPACE INCLUDED WITH THIS UNIT **","$4,600 ",3,1,1350,no broker fee
https://www.hotpads.com/167-doty-st-waltham-ma-02452-1j56nru/pad,"No realtor fees! Be aware of scammers this is only listed on Zillow. Will consider short term rental. Beautifully updated Single Family home for rent located in desirable North Waltham. On a dead end street! This bright home offers three bedrooms, two full baths, hardwood floors, kitchen with stainless steel appliances and access to a separate dining room area. In addition the finished basement includes a large family room, a partial kitchen/bar area, a full bathroom, and washer/dryer hookup. Home amenities also include central air conditioning, central vacuum, and off-street parking. Enjoy the private yard, access to the pool is negotiable! Property location is minutes from Bentley University, Route 95 and Route 2.","$4,550 ",3,2,1849,no broker fee
https://www.hotpads.com/1975-massachusetts-ave-cambridge-ma-02140-1j4v83w/306/pad,"PRICE REDUCTION! Bright, stunning, and contemporary, this 2 bedroom, 2 bath condo rental has a private, expansive roof deck and covered parking in a luxurious, recently built, professionally managed building in the heart of Porter Square. Enjoy an open floor plan with abundant natural light, tall windows and high ceilings throughout the kitchen-dining-living room area with Juliet balcony. Gorgeous kitchen features stainless Jenn-Air appliances, range with large gas cooktop, quartz counters, ample outlets and cabinets, and in-unit washer/dryer. Spacious primary bedroom suite includes full bath, huge closet, and access to private deck. Large second bedroom is across the hall from addl. full bath. Available furnished for add'l. $200 monthly rent & 2nd parking for add'l. $250 monthly rent. Super convenient location is only 2 blocks from Porter Square Shopping and Porter MBTA Station, only mile to Davis Square, and very near to Harvard, Tufts, and Lesley Universities.","$5,000 ",2,2,1106,unknown
https://www.hotpads.com/232-brookline-st-cambridge-ma-02139-1j4uyss/1/pad,"Are you looking for the perfect place to call home in the heart of Cambridge? Look no further! We are delighted to present you with 230 Brookline Street, Unit 1, a stunning 3-bedroom, 2-bathroom gem, nestled in the vibrant and sought-after Central Square neighborhood. Features That'll Make You Fall in Love! Prime Location: Experience the best of Cambridge living right at your doorstep. Central Square offers a dynamic atmosphere with a diverse selection of cafes, restaurants, boutiques, and entertainment options, ensuring you're always surrounded by the buzz of city life. Modern Design: Step into a chic and contemporary living space that exudes comfort and style. This unit boasts an open-concept layout, allowing for seamless transitions between the living, dining, and kitchen areas. Gourmet Kitchen: The well-appointed kitchen is a chef's dream come true. Stainless steel appliances, sleek countertops, and ample storage make cooking a pleasure. Elegant Bedrooms: Retreat to spacious bedrooms, each designed with your relaxation in mind. Plenty of natural light and closet space provide a serene and organized living experience. Luxurious Bathrooms: Pamper yourself in the modern bathrooms, featuring elegant fixtures and spa-like vibes. In-Unit Amenities: Convenience is key! Enjoy the ease of having your own washer and dryer within the unit, saving you time and trips to the laundromat. Pet-Friendly: We know your furry friends are family too! This unit welcomes pets, making it an ideal home for pet owners. Transportation Accessibility: With a superb Walk Score and excellent public transportation options, you can easily explore the city without the need for a car. Don't miss this fantastic opportunity to secure a slice of urban paradise in Central Square. Units like this are in high demand and won't stay on the market for long. Contact us now to schedule a viewing and secure your spot at 230 Brookline Street, Unit 1. Embrace the vibrant Cambridge lifestyle and make unforgettable memories in your new home. Welcome to the neighborhood!Look no further! We are delighted to present you with 230 Brookline Street, Unit 1, a stunning 3-bedroom, 2-bathroom gem, nestled in the vibrant and sought-after Central Square neighborhood. Features That'll Make You Fall in Love! Prime Location: Experience the best of Cambridge living right at your doorstep. Central Square offers a dynamic atmosphere with a diverse selection of cafes, restaurants, boutiques, and entertainment options, ensuring you're always surrounded by the buzz of city life. Modern Design: Step into a chic and contemporary living space that exudes comfort and style. This unit boasts an open-concept layout, allowing for seamless transitions between the living, dining, and kitchen areas. Gourmet Kitchen: The well-appointed kitchen is a chef's dream come true. Stainless steel appliances, sleek countertops, and ample storage make cooking a pleasure. Elegant Bedrooms: Retreat to spacious bedrooms, each designed with your relaxation in mind. Plenty of natural light and closet space provide a serene and organized living experience. Luxurious Bathrooms: Pamper yourself in the modern bathrooms, featuring elegant fixtures and spa-like vibes. In-Unit Amenities: Convenience is key! Enjoy the ease of having your own washer and dryer within the unit, saving you time and trips to the laundromat. Pet-Friendly: We know your furry friends are family too! This unit welcomes pets, making it an ideal home for pet owners. Transportation Accessibility: With a superb Walk Score and excellent public transportation options, you can easily explore the city without the need for a car. Don't miss this fantastic opportunity to secure a slice of urban paradise in Central Square. Units like this are in high demand and won't stay on the market for long. Contact us now to schedule a viewing and secure your spot at 230 Brookline Street, Unit 1. Embrace the vibrant Cambridge lifestyle and make unforgettable memories in your new home. Welcome to the neighborhood!","$4,350 ",3,2,1234,unknown
https://www.hotpads.com/232-norfolk-st-cambridge-ma-02139-tu9kgb/3/pad,"231 Norfolk St., #3, Cambridge, MA 02139 Rent $5,650 Avail Date 09/01/2023 Beds 5 Baths 2 Fee Info No Fee Paid by Owner Square Footage 1200 Laundry Washer/Dryer in Unit Pet Negotiable Parking Available, Street Building Type Multi-Family Heating Gas Unit Level 2 Student Student Ok FEATURES Unit Features Ceramic Tiles Dining Room Eat-in Kitchen Hardwood Floors High Ceiling Laundry in Building Modern Bath Modern Kitchen New/Renovated Kitchen this Sunny 2nd floor is totally renovated. 2 modern bathrooms ( with designer tile showers), modern kitchen w/ Stainless steel appliances ( D/W & disp, 36"" double door fridge, microwave & Gas stove) and Granite counters, There is also a Hi Efficiency Washer & dryer in the apartment. There sizes of the Bedrooms are approximately : 11'x16' / 8.5'x12' / 16'x11' / 9'x10' & 12'x13'. There is No Separate Living room in this apartment but there is room for a couch in the Large kitchen and there is wiring for a wall mounted flat screen TV. Transportation Bus: 1 Massachusetts Ave @ Prospect St (0.41 mi) Bus: 47 Massachusetts Ave @ Pearl St (0.42 mi) Bus: 85 Hampshire St @ Columbia St (0.12 mi) Bus: 70 River St @ Green St (0.48 mi) Bus: 91 Prospect St @ Gardner Rd (0.09 mi) Subway: Red Line Central (0.41 mi) Bus: 68 Broadway @ Norfolk St (0.09 mi) Bus: 69 Cambridge St @ Prospect St (0.24 mi) Bus: 83 Hampshire St @ Inman St (0.23 mi) Tram: D Union Square (0.54 mi) Bus: 87 McGrath Hwy @ Medford St (0.69 mi)","$5,650 ",5,2,1200,no broker fee
https://www.hotpads.com/419-lebanon-st-malden-ma-02148-1j4wfdy/pad,"Fully furnished large 3 bedroom one family house for $3,500. (includes all utilities/wifi/landscaping) in Malden, near Melrose line. 15 minute drive to Boston, located on 1/2 acre forested site. Quiet neighborhood. Off street parking. Convenient public bus transportation, minutes to Oak Grove MBTA station and Wyoming commuter line with direct train service to downtown Boston. First and last month required. No fees. Pets ok. Available 9/4.","$3,500 ",3,1,1656,no broker fee
https://www.hotpads.com/9-brown-st-waltham-ma-02453-1j570t0/9/pad,"Rent: $2,400 Available Date: Now Beds: 2 Baths: 1 Laundry in building (RLNE8191998)","$2,400 ",2,1,N/A,unknown
https://www.hotpads.com/1238-commonwealth-ave-allston-ma-02134-skyex8/42/pad,SPACIOUS STUDIO! MODERN SUNNY NEW TO MARKET. LARGE OPEN LIVING ROOM. LARGE BEDROOM WITH TONS OF CLOSET SPACE. SUNNY BRIGHT A MUST SEE WON'T LAST..,"$1,700Ê",Studio,1,N/A,unknown
https://www.hotpads.com/208-w-7th-st-south-boston-ma-02127-spw5c0/2/pad,"Awesome duplex three bed two bath, in unit laundry, large open kitchen/living room, dining room, Large back porch, private patio, big bedroom has a large private deck. Downstairs tenant is an owner occupant SO NO LOUD GROUP No Pets Allowed (RLNE8196524)","$4,900 ",3,2,N/A,unknown
https://www.hotpads.com/200-w-7th-st-south-boston-ma-02127-1w45jv0/pad,"Available 9/1/23. Awesome duplex three bed two bath, in unit laundry, large open kitchen/living room, dining room, Large back porch, private patio, big bedroom has a large private deck. There's in-unit laundry. (RLNE8196297)","$4,900 ",3,2,N/A,unknown
https://www.hotpads.com/4-centre-st-roxbury-ma-02119-skkb2n/6/pad,"Group Showing this Sunday, August 6, 2023, 12-1pm. Please attend. There are two studios available for September 1, 2023. Both studios are renting for $2000 per month. This studio apartment sits on a hill in the Fort Hill, Roxbury/Boston area. Apartment is located on the ground level of a well maintained 6 family home. Studio offers central air and gas heat. Tenant is responsible for all utilities. Renovated two years ago. Has a private area for the bedroom. Kitchen offers stainless steel appliances (refrigerator, stove, and dishwasher). 3 large windows which provides a ton of beautiful natural lighting. Beautiful hardwood flooring throughout and blinds on every window in studio. Shared coin op laundry on the main level of the home. A shared Patio for summer time enjoyment that provides wonderful views of the city. Very close proximity to the (Orange Line ) Jackson Square Train Station and Roxbury Crossing Train Station. Short distance to Roxbury Community College, Northeastern University, Brigham & Women Hospital, Downtown Boston, Backbay, Southend, and much much more","$2,000 ",Studio,1,645,unknown
https://www.hotpads.com/125-saint-botolph-st-boston-ma-02115-skhadz/pad-for-sublet,Looking for a roommate! Classic Brownstone Tree-lined Street Close to Train station Near the Prudential Near Copley Professionally managed Superintendent Very clean Abundant closet space Hardwood floors Updated kitchen and bathroom Heat and Hot Wot Included Very Sunny Nice city views Laundry,"$1,850 ",2,1,N/A,unknown
https://www.hotpads.com/2-brimmer-st-boston-ma-02108-skepsu/1/pad,"Newly Renovated 2 Bedroom Apartment at the corner of Pinckney and Brimmer Street. This Floor through Unit Features Recessed Lighting, New Kitchen and Stainless-Steel Appliances, Marble Tiled Bathroom, Hardwood Floors Throughout with Tall Ceilings, Decorative Mouldings and Decorative Marble Fireplace and In Unit Laundry. Bay Windows with plenty of Natural Sunlight and Overlook Brimmer Street at the Front of the unit. Very Close to Charles Street, MGH, The Public Gardens and Boston Common. Heat and Hot Water Included.","$4,395 ",2,1,700,unknown
https://www.hotpads.com/311-boston-ave-medford-ma-02155-1j4xyc8/pad,"West Somerville / Tufts University area, 2 bedroom, 1 bathroom apartment. The eat-in kitchen features a dishwasher and electric range. Key points include a ceiling fan, a dining room, hardwood floors, a living room, a modern bath, storage space and a yard. This apartment has a broker fee. Presented by Maven Realty. Reference Number: MED-11218 (RLNE8194474)","$2,200 ",2,1,N/A,broker fee
https://www.hotpads.com/15-keswick-st-boston-ma-02215-skfjn3/b2/pad,"**SEPTEMBER 1** LATE TO MARKET - 1 bed 1 bath right across from the St. Mary's T stop WITH PARKING INCLUDED - this apartment features hardwood floors, exposed stone, updated kitchen and bath, and is located in a quiet and secure building that is professionally managed. Kitchen and bathroom have tile floors. Large bedroom with Lots of closet/storage space. Step out your door, and be around the corner from Tatte, Cleaners, Laundromat, Hardware store and more!","$2,350 ",1,1,520,unknown
https://www.hotpads.com/53-ardale-st-boston-ma-02131-1j4scvg/1/pad,"Charming and spacious 2 bedroom apartment. It has an updated kitchen and bath , large living room and a beautifull dinining room with a built in china cabinet. It is in a very desirable location within walking distance to the arboretum and commuter rail . It is also walkable to Roslindale Village which has many restaurants and shops.Easy access to hospitals , the jJamaicaway and public transportation.","$3,000 ",2,1,1200,unknown
https://www.hotpads.com/753-e-broadway-south-boston-ma-02127-1xg8mng/3/pad,"9/1 Move in. 2023 construction. This penthouse apartment has high-end condo finishes. Three bedrooms and two full bathrooms, it offers ample space for comfort and privacy. Sought-after location of E Broadway and L St. HVAC. Hardwood floors throughout. In unit laundry. Private Deck","$5,300 ",3,2,1350,unknown
https://www.hotpads.com/31-walter-st-boston-ma-02131-1j4sagm/pad,"Spacious 3 bedroom colonial, 1 and 1/2 baths. New kitchen and bath. It has a huge walk up attic for storage . Great location, within walking distance to the Arboretum, commuter rail and Roslindale Village. Easy access to hospitals and Jamaicaway..There is a large enclosed porch off the kitchen and a nice little shared yard.","$3,500 ",3,1.5,1890,unknown